Origin,Price,Q-Score,Processing Method,Coffee Variety,Fragrance,Aroma,Brightness,Flavor,Body,Finish,Sweetness,Clean Cup,Complexity,Uniformity,Cuppers Correction,Final
Africa,7,93.4,Dry Process,Heirloom Types,9.67943099,9.72315219,8.81510549,9.78496939,9.21528339,9.51297859,9.15630919,8.70389749,9.79618749,8.51268579,0.5,93.1067161
Central America,,93.2,Dry Process,Gesha,9.67138289,9.71516709,8.71796709,9.76379109,9.02884579,9.50468729,9.00858599,9.51153569,9.77509879,8.50293829,0,93.0403451
Central America,15.5,93.3,Wet Process,Gesha,9.27840832,9.50482772,8.81696152,9.67145662,8.30507212,9.50005172,8.99978762,9.01253732,9.69595272,8.51494432,2,92.9510288
Africa,6.75,93,Dry Process,Heirloom Types,9.37425786,9.62329176,8.72715546,9.67084106,9.21521646,9.19386746,8.98694216,8.20777586,9.79633406,8.20431786,2,92.7190684
Africa,6.75,93,Dry Process,Heirloom Types,9.2749652,9.501295,8.7261466,9.4927558,9.5124959,9.0257157,8.9853896,8.4969138,9.7799205,8.2044019,2,92.672719
Central America,17.65,92.8,Wet Process,Gesha,9.00791107,9.39782657,8.91046847,9.57672057,8.51661907,9.18804207,9.00082247,9.00523887,9.68883267,8.50751817,2,92.5317373
Africa,7.25,92.6,Wet Process Kenya Type,Bourbon Types,9.09299332,9.31090792,9.40312532,9.30237252,8.80716952,9.18988472,8.76752712,8.70087872,9.51506952,8.51007132,2,92.2802658
Africa,6.35,92.6,Wet Process,Heirloom Types,9.27598163,9.70971563,9.20468493,9.59435623,8.02693193,9.40052483,9.07516833,9.01038903,9.59241363,8.70983383,1,92.2413257
Africa,7,92.4,Dry Process,Heirloom Types,9.37303914,9.62206824,8.72594914,9.56455974,9.03648364,8.91513234,8.75815854,8.20657904,9.98381794,8.21421224,2,92.1306076
Africa,6.75,92.4,Dry Process,Heirloom Types,8.99720928,9.50044038,8.62457628,9.64969898,9.03522278,9.30182148,8.97625708,8.30784008,9.79220938,8.21472428,2,92.0783092
Africa,6.4,92.2,Wet Process,Heirloom Types,9.39063161,9.51314731,8.81088151,9.49649231,8.49477661,9.01165191,8.78373331,8.99820991,9.40302461,8.29745091,2,91.9430619
Africa,6.3,92.2,Wet Process,Heirloom Types,9.27633442,9.62158362,8.81532632,9.49400292,8.52268852,9.19329702,8.67137012,8.38059862,9.51842752,8.20637092,2.5,91.8408498
Indonesia & Asia,6.25,86.7,Wet Hulled,"Hybrids, Typica",8.2,8.5,8,8.5,9.3,8.2,8.5,7.2,9,7.8,3.5,86.7
Africa,6.4,92,Wet Process,Heirloom Types,8.80338993,9.50175993,8.72523823,9.56359333,8.21162263,9.19179863,8.98494093,8.49559913,9.51768813,9.00436913,2,91.7295247
Africa,6.65,92,Wet Process,Heirloom Types,9.47437668,9.61199758,9.02059938,9.49768258,8.52153778,9.39136128,8.98855778,9.00129128,9.49571418,8.99688148,0,91.7272492
Africa,7.8,92,Wet Process,Bourbon Types,8.79740092,9.01797822,9.02165362,9.18343782,9.02916572,9.10189202,8.76261472,8.69597202,9.39195682,8.99792812,2,91.7270058
Africa,6.45,92,Wet Process,Heirloom Types,9.00728089,9.02025089,8.80920279,9.38719999,8.71293889,9.02112159,9.57321509,9.00461159,9.17540129,8.28877699,2,91.7047941
Africa,6.75,92,Dry Process,Heirloom Types,9.16464334,9.31357964,8.73935224,9.58124164,9.31357964,8.81806474,9.05495454,8.20720584,9.78108504,8.02629334,2,91.7042556
Africa,7.75,92,Wet Process Kenya Type,Bourbon Types,9.27748025,9.50404655,9.59639555,9.52606685,8.81104195,9.19430935,8.76026255,8.29691805,9.51996235,8.51351655,1,91.6815005
South America,15.5,92,Honey Process,Gesha,9.26571674,9.49731464,8.54280304,9.29540744,8.93286344,9.21038364,8.76360914,8.50262084,9.49127784,8.49800324,2,91.6525936
Central America,14.25,91.6,Wet Process,Gesha,9.00731188,9.39673338,8.72176458,9.18571768,8.80458358,9.28408628,8.69575698,9.00464348,9.49917038,9.00023178,1,91.3000212
Africa,7.15,91.6,Wet Process Kenya Type,Bourbon Types,8.7084184,9.2059608,9.0295387,9.5067602,8.8101488,9.1928115,8.7594505,8.4850517,9.3998218,8.5020376,2,91.246544
Africa,7,91.5,Wet Process,Bourbon Types,9.1732261,9.020107,9.0237824,9.299546,8.712795,9.0209777,8.9806706,8.4924199,9.2802312,8.4962441,2,91.206233
Africa,6.5,91.3,Wet Process,Heirloom Types,9.00873287,9.20558747,8.73133477,9.28407487,8.61565597,9.02285677,8.67210307,8.76888187,9.49249177,8.49828057,2,91.0302523
Africa,7.9,91.3,Wet Process,Bourbon Types,9.08725868,9.30232848,9.20992028,9.30800568,8.53948348,9.03335798,8.56814418,8.49592148,9.26291978,8.49265998,2,90.9133672
Africa,6.75,91.1,Dry Process,Heirloom Types,9.01067297,9.31154867,8.62442827,9.18906447,8.71639867,9.02450987,8.75726937,8.18977587,9.57256747,8.20376437,2.5,90.7640733
Africa,6.15,91,Wet Process,Heirloom Types,9.00990321,9.31088571,8.81179931,9.28911521,9.03406361,8.70536641,8.75640901,8.18871241,9.38374171,8.51000341,2,90.6823949
Africa,7.2,91,Wet Process,Bourbon Types,9.01140421,9.20448511,9.11555881,9.30381321,8.79744451,8.81763291,8.66935561,8.29529591,9.28449841,8.50051131,2,90.6635609
Africa,6.15,90.9,Wet Process,Heirloom Types,8.80140056,9.02507446,8.72805256,9.18386596,9.02474446,8.90307466,8.75895256,8.69456906,9.28387206,8.49639366,2,90.6361714
Africa,6,90.9,Wet Process,Bourbon Types,9.00428041,9.01725041,9.02092581,9.28345621,8.51353581,9.10116611,8.68161421,8.78277241,9.00161111,8.49338751,2,90.6347989
Africa,7.95,90.9,Wet Process,Bourbon Types,9.00877546,9.49820776,9.40211746,9.20053076,8.51779816,9.11955526,8.86321906,9.00610516,9.28199936,9.00169156,0,90.6039724
Africa,6.35,91,Wet Process,Heirloom Types,8.89791186,9.31902386,8.66107826,9.41531546,8.72945006,9.01350096,8.95692516,8.36231306,9.15278036,8.49170096,2,90.5616264
Africa,6.65,90.9,Wet Process,Heirloom Types,9.01190951,8.89767551,8.81383141,9.39182861,8.80914981,9.02575021,8.75844771,8.51036071,9.18002991,8.50101661,2,90.5585079
Africa,7.25,90.7,Wet Process,Bourbon Types,8.80239578,9.01505268,9.11448378,9.20208448,9.03440468,8.71926488,9.42985048,8.70085998,9.18280208,8.49880118,1,90.4061642
Africa,7.65,90.7,Wet Process Kenya Type,Bourbon Types,8.80166264,9.11381364,9.18768614,9.02590774,8.80651494,8.70478174,8.57865454,8.70023744,9.28234314,8.49839804,2,90.3833876
Africa,7.1,90.7,Wet Process Kenya Type,Bourbon Types,9.09663557,9.31453577,9.29276727,9.20525527,8.81083177,8.81982017,8.77119327,8.59957667,9.28668567,8.50269857,1,90.3416883
Africa,5.95,90.5,Wet Process,Bourbon Types,8.8937979,9.0174942,8.8024025,9.1829567,8.3947201,9.0183649,8.6929226,9.0018549,9.0018549,8.4936313,2,90.232361
Africa,6.6,90.5,Dry Process,Heirloom Types,8.89609717,9.19978717,8.62059687,9.28584957,9.03092957,8.79924967,8.66486457,8.29094787,9.51167867,8.19999887,2,90.1983433
Africa,6.35,90.4,Wet Process,Heirloom Types,8.79923101,8.79288331,8.80876491,9.18527551,8.51609841,9.02068371,8.77276561,9.00417371,9.00417371,8.49595011,2,90.1091729
Africa,7.65,90.4,Wet Process,Bourbon Types,9.00976626,9.20278416,8.81175296,9.30208076,8.51918276,8.81605976,8.75638736,8.18895016,9.50153796,8.29149786,2,90.0702134
Africa,6.2,90.3,Dry Process,Bourbon Types,9.00762565,9.11218175,8.72203545,9.18605815,8.71328365,8.91073995,8.67391405,8.49290855,9.28071985,8.20053295,2,90.0013465
Africa,7.95,90.2,Wet Process,Bourbon Types,8.80222753,9.31063893,9.18816233,9.02642113,8.71552233,8.70537043,8.66783003,8.20209743,9.57164333,8.51008653,1.5,89.8713207
Africa,7.2,90.2,Wet Process Kenya Type,Bourbon Types,9.0115944,8.7091242,8.9142662,9.1900154,8.808848,8.9147154,8.5505511,8.203734,9.3853604,8.5117909,2,89.859723
Oceania,6.8,90.2,Wet Process,Heirloom Types,8.89339661,9.12263991,8.81984731,9.58650041,8.81516381,9.29498881,8.67580241,8.50304341,9.27810211,8.21051521,1,89.8128729
Africa,6.45,90,Wet Process,Heirloom Types,9.0114336,8.8972016,8.7960739,9.014843,9.0355911,8.7069416,8.6693916,8.1903629,9.3852177,8.292943,2,89.662752
Africa,6.7,90,Dry Process,Heirloom Types,9.01245222,9.20552932,8.52133662,9.17359552,8.71811592,8.91556842,8.67041022,8.19138152,9.38623632,8.20537392,2,89.6525658
Africa,6.25,90,Wet Process,Heirloom Types,8.69451005,8.89859065,8.91548785,9.19122375,8.81007635,8.91593705,8.67080365,8.49815425,9.11082515,8.29439125,2,89.6460285
Africa,6.15,89.8,Wet Process,Bourbon Types,8.99020314,9.01701284,8.90671564,9.10819074,8.51333354,8.81028674,8.76166274,8.69502374,8.99709814,8.00047274,2,89.5350576
Africa,6.65,89.8,Wet Process,Heirloom Types,8.89665043,9.02034673,8.79201323,9.01078613,8.80461703,8.70287903,8.56568823,8.50582793,9.00470743,8.49648383,2,89.5038357
Africa,7.8,89.7,Wet Process,Bourbon Types,9.01714252,9.01099892,8.89979482,9.01537722,8.29094242,8.70998122,8.57661552,8.49960632,9.18869422,8.49084682,2,89.4294118
Africa,5.95,89.7,Wet Process,Bourbon Types,9.01115868,9.02412668,8.81310058,9.18957398,8.80841898,9.10803478,8.56951398,8.49649308,9.17926288,8.50031638,1,89.3630792
South America,6.75,89.7,Wet Process,Heirloom Types,8.79039311,9.01580261,8.73930571,9.11471101,8.82809951,9.20439931,8.67867391,8.58559631,8.97834701,8.26467151,1.5,89.3368959
Africa,6.75,89.6,Dry Process,Heirloom Types,9.00762109,9.30849669,8.51660849,9.01102949,9.03177289,8.80005669,8.65460229,7.99853059,9.48200159,8.28928019,1.5,89.2946311
Africa,6.15,89.6,Wet Process,Heirloom Types,8.80109262,9.02166222,8.81062552,9.28785472,8.02243142,8.70421172,8.57808452,8.87472772,9.00602392,8.99328562,1.5,89.2890878
Africa,6.05,89.6,Wet Process,Bourbon Types,8.89149329,9.30884219,8.73048159,9.19447179,8.30657239,8.91917269,8.76260799,8.50137089,9.27597089,8.20901629,1.5,89.2149781
Africa,6.15,89.5,Wet Process,Heirloom Types,8.60551948,8.79294318,9.02354828,9.11105748,8.20884348,8.89617658,8.57627128,8.69786088,9.09176938,8.49600998,2,89.2085742
South America,6.65,89.5,Wet Process,"Caturra Types, Typica Types, Modern Hybrids",8.80317371,9.02374811,8.62445711,9.18920581,8.80802601,8.72013161,9.26112051,8.70174571,8.87681071,8.49158071,1,89.1689349
Africa,7.4,89.5,Wet Process,Bourbon Types,8.80392505,9.02442125,8.70870355,8.79617645,9.41197065,8.30584765,8.65016695,7.80121275,9.48576305,8.51181265,2,89.1515895
Africa,6.3,89.4,Wet Process,Heirloom Types,8.79788896,9.01846336,8.71991276,9.00890376,8.20745876,8.81172866,8.66345616,8.50396086,9.17360996,8.49461676,2,89.1217824
Africa,6.35,89.4,Dry Process,Heirloom Types,8.69034352,9.03274882,8.32939782,9.15646802,9.03274882,8.80104122,8.65559162,7.98638502,9.51355712,8.20171802,2,89.0837938
Africa,7,89.3,Wet Process Kenya Type,Bourbon Types,8.90656476,8.80032166,9.02130036,9.18640436,8.79455476,8.91374406,8.68295676,8.50290116,9.28318126,8.20807086,1,89.0228614
Africa,7.7,89.2,Wet Process Kenya Type,Bourbon Types,8.48164798,9.01232198,9.51865338,8.92324878,8.74362228,8.42627478,8.55781228,8.29178478,9.16301778,8.08161598,2,88.9651432
Africa,7.5,89.3,Wet Process Kenya Type,Bourbon Types,8.80718981,9.10813991,9.19321331,8.91746031,8.81204211,8.41966811,8.66170971,8.19374931,9.18290221,8.50392521,1.5,88.9281159
Africa,5.9,89.2,Wet Process,Bourbon Types,8.68993638,8.79380298,8.73545048,9.02360408,8.62537928,8.71753668,8.66650558,8.49446458,8.97449178,8.47882818,2,88.8754482
Africa,6.25,89.2,Wet Process,Bourbon Types,8.69263059,8.89673499,8.91363419,9.18940149,8.71662699,8.91408329,8.98450259,8.50942019,9.17908939,8.20387629,1,88.8679131
Africa,6.6,89.2,Dry Process,Heirloom Types,8.69739766,8.80177636,8.52461196,8.80037256,8.81297636,8.30985586,8.67368746,8.00641626,9.27567336,8.29723216,3,88.8202424
Africa,6.85,89,Wet Process Kenya Type,Bourbon Types,8.70243312,8.79297112,9.01034022,8.79156732,9.03108832,8.70243312,8.47665362,8.49221372,9.00426152,8.49603792,1.5,88.7082948
Africa,7,89,Wet Process Kenya Type,Bourbon Types,8.69179924,8.79617794,8.51901354,8.79477414,9.31108194,8.70563994,8.66808904,8.30718814,9.00319114,8.20304494,2,88.6762266
Africa,6.35,89,Dry Process,Heirloom Types,8.78397778,8.90503718,8.02441628,8.87818078,9.51966598,8.71477348,8.64678608,7.52851658,9.27920848,7.71943738,3,88.5848912
Africa,6.3,88.9,Dry Process,Heirloom Types,8.79300088,8.90020338,7.83148398,8.85607498,9.51474258,8.61309688,8.67242308,7.99208898,9.51943848,8.20744678,2,88.5290332
Africa,6.35,88.7,Wet Process,Heirloom Types,8.70815947,8.71016697,8.60904887,8.79728507,8.89840417,8.61128327,8.67061237,8.49796107,8.70361517,8.49346357,2,88.3483993
Africa,6.4,88.7,Honey Process,Bourbon Types,8.69731341,8.80169211,8.61203401,8.80028831,9.21687611,8.61426841,8.57396331,8.50093471,8.69345291,8.18917671,2,88.3210849
Central America,6.95,88.6,Wet Process,"Caturra Types, Bourbon Types, Typica Types",8.80127163,8.79492393,8.51775953,8.89426723,9.22129643,8.70438593,8.98241723,8.49416653,8.69984163,8.48966993,1,88.2887667
Africa,5.9,88.6,Wet Process,Bourbon Types,8.71132245,8.80185765,8.80045385,8.80045385,8.81305755,8.71132245,8.67377245,8.50110875,8.79003875,8.49661225,1.5,88.2186195
Central America,6.8,88.5,Wet Process,"Caturra Types, Bourbon Types, Typica Types",8.620169,8.808141,8.6906808,8.7967446,9.0082152,8.6273387,8.9796289,8.8009065,8.6856053,8.48257,1,88.190978
Africa,6.25,88.5,Wet Process,Bourbon Types,8.89841623,9.02210013,8.72357053,9.10004393,8.80639243,8.81538073,8.74465153,8.10060283,9.00646373,8.28237793,1,88.1833447
Africa,5.95,88.5,Wet Process,Bourbon Types,8.77887633,8.88847633,8.74149993,8.91642473,8.74203113,8.93104073,8.98779773,8.48678203,8.84988313,8.17718793,1,88.1795177
Central America,6.9,88.5,Wet Process,"Caturra Types, Bourbon Types, Typica Types",8.69248246,8.79685836,8.72522976,8.89619876,9.03496786,8.70632316,8.56913516,8.49610946,8.70177796,8.38091706,1.5,88.1686124
Africa,6.15,88.5,Honey Process,Bourbon Types,8.69276387,8.79711877,8.52001627,8.79571497,9.21221027,8.60973697,8.66905937,8.00193657,9.00836237,8.19308057,2,88.1606483
Central America,6.55,88.4,Wet Process,"Caturra Types, Bourbon Types, Typica Types",8.59151007,8.69279027,8.51936367,8.72073767,9.04976767,8.52234477,8.66485527,8.49240327,8.68053457,8.46569277,2,88.1548653
Africa,6.05,88.5,Wet Process,Bourbon Types,8.69584089,8.80021199,8.79880819,9.01756579,8.52344619,8.61280169,8.67213259,8.49947559,8.88019289,7.99952419,2,88.1339311
South America,7.15,88.5,Wet Process,"Caturra Types, Bourbon Types, Heirloom Types",8.7906485,8.8861818,8.2333136,8.8836317,9.054595,8.721652,8.6706238,8.2978048,8.978591,8.4829578,1.5,88.132597
Africa,6.5,88.5,Honey Process,Bourbon Types,8.60101745,8.71375225,8.62586645,8.90162515,9.12893055,8.61485815,8.75173425,8.19515655,8.77729275,8.18976645,2,88.1151875
Africa,6.75,88.5,Dry Process,Heirloom Types,8.49948295,8.52208885,7.48988425,8.76095855,9.32338705,7.83717855,8.62129195,7.50211125,9.15683355,8.28678305,4.5,88.0707335
Central America,6.85,88.4,Wet Process,"Caturra Types, Bourbon Types, Typica Types",8.70783678,8.79837478,8.72674428,8.89771808,9.21355878,8.70783678,8.75887268,8.49761738,8.59831968,8.49312078,1,88.0542582
Central America,6.85,88.4,Wet Process,"Caturra Types, Bourbon Types, Typica Types",8.70922951,8.79975801,8.61011891,8.89909171,8.71938421,8.70922951,8.67168241,8.49903111,8.78794101,8.49453361,1.5,88.0376989
Central America,6.5,88.4,Wet Process,Gesha,8.61248254,8.79988724,8.52275044,8.89922094,8.71951344,8.80623484,8.47255854,8.19282204,8.87986714,8.49466284,2,88.0364066
South America,6.75,88.3,Wet Process,"Caturra Types, Bourbon Types",8.68742139,8.79178009,8.22571909,9.00910909,9.02985339,8.60439259,8.47552259,8.28972589,8.99875599,8.18771989,2,88.0150461
Africa,6.1,88.4,Wet Process,Bourbon Types,8.77399984,8.89606154,8.64146004,9.03443304,8.62843004,8.52591004,8.66936074,8.37370264,8.86697644,7.98966564,2,87.9873866
Africa,7.9,88.3,Dry Process,Bourbon Types,8.8020784,8.7957307,8.3170711,8.8818351,9.3218309,8.5114223,8.6565915,8.0003706,9.0070211,8.0060483,2,87.980699
Africa,5.6,88.3,Wet Process,Bourbon Types,8.69461236,8.79898346,8.52183806,8.89832006,8.40316666,8.70845216,8.57126986,8.49824706,9.01025856,8.19485176,2,87.9462164
Africa,6.05,88.3,Dry Process,Bourbon Types,8.79448159,8.81703979,8.22964699,9.01216439,9.33127149,8.71154439,8.60927329,7.30199939,9.67121729,7.82136139,2,87.9410721
South America,6.5,88.3,Wet Process,"Caturra Types, Typica Types, Heirloom Types",8.60104898,8.81349808,8.61265428,8.80089528,8.72192248,8.61488878,8.76279978,8.30018578,8.88227998,8.18982658,2,87.9130602
South America,6.4,88.2,Wet Process,"Caturra Types, Typica Types, Modern Hybrids",8.49999143,8.79812533,8.60847663,8.79672143,9.03623013,8.51383213,8.67004393,8.49738413,8.78630733,8.49288753,1.5,87.8552847
South America,6.25,88.2,Wet Process,"Caturra Types, Typica Types, Modern Hybrids",8.69397708,8.89808148,8.40720438,9.01572488,9.31325978,8.51404738,8.65921658,8.19123048,9.00964618,7.99761178,1.5,87.8544482
South America,6.75,88.1,Wet Process,"Caturra Types, Typica Types, Modern Hybrids",8.69240619,8.79652079,8.62411459,9.02687129,9.05383159,8.73390539,8.75745639,8.48331119,8.47016099,8.46142159,1,87.8142261
Decaf,6.4,88.1,Wet Process then SWP Decaf,Heirloom Types,8.5087291,8.6047717,8.2136661,8.5026332,8.723816,8.3011418,8.4573432,7.7963711,8.9999944,8.9915334,3,87.804751
Central America,6.4,88.1,Wet Process,"Caturra Types, Bourbon Types, Typica Types",8.58408092,8.79886082,8.53899032,8.81460592,9.05617162,8.62558012,8.75979642,8.48565122,8.47250102,8.46376162,1.5,87.7908258
Africa,7.2,88.1,Other Processes,Bourbon Types,8.29185152,8.60933542,8.89691392,8.72595162,9.50068712,8.61016702,8.47023912,7.98911232,9.00885242,7.99688952,2,87.7602778
Africa,6.95,88.1,Wet Process Kenya Type,Bourbon Types,8.59654397,8.70926537,8.52065247,8.79638167,9.03587497,8.30592217,8.53965727,8.00251737,9.09229817,8.50088657,2,87.7569473
Africa,6.05,88.1,Wet Process,Bourbon Types,8.58482247,8.89965317,8.62351207,9.01729657,9.03804467,8.70938947,8.84901307,8.49917007,8.87991497,7.99918347,1,87.7387313
South America,6.6,88,Wet Process,Caturra Types,8.70494863,8.79548663,8.60582853,8.79408283,9.03360383,8.70494863,8.67573473,8.49472923,8.70040433,8.49023263,1,87.6831397
South America,6.3,88,Wet Process,"Caturra Types, Typica Types, Modern Hybrids",8.59613257,8.79737497,8.62097867,9.01472117,9.03546747,8.80372267,8.67763737,8.49665097,8.77238877,8.18492537,1,87.6612903
Indonesia & Asia,7.1,88.1,Dry Process,Modern Hybrids,7.70665877,8.80724137,8.12729447,8.77937497,9.22230047,8.52301777,8.40245907,7.02321327,9.48232167,8.02611817,4,87.6572673
Indonesia & Asia,6.85,88,Honey Process,"Typica Types, Modern Hybrids",8.50049199,8.61037339,8.60897059,8.70970619,8.80980579,8.51433079,8.67053309,8.49788369,8.89174259,8.18616189,2,87.6487341
Central America,6.8,88,Wet Process,"Caturra Types, Bourbon Types, Typica Types",8.50093651,8.71055601,8.60942751,8.79768181,9.31398961,8.61166191,8.75958351,8.49832821,8.70400331,8.49383161,1,87.6471499
Africa,6.45,88,Dry Process,Heirloom Types,8.69610406,8.80048086,8.52332116,8.79907706,9.31537636,8.01791816,8.55337146,7.69877156,9.38822086,8.20735846,2,87.6327204
Africa,6.05,88,Wet Process,No,8.69652842,8.80090712,8.71604632,8.79950332,8.52412222,8.61348342,8.57317832,8.50014972,8.77591802,8.00016312,2,87.6289348
Africa,5.95,88,Dry Process,No,8.6970455,8.9011499,8.3227646,8.7867825,9.0395414,8.7108862,8.55431,8.106765,9.1835043,8.1972506,1.5,87.623764
Africa,6.05,88,Dry Process,Modern Hybrids,8.60029769,8.81274009,8.02072879,8.77366999,8.71302009,8.40654829,8.46587729,7.90557979,9.01280859,8.28872939,3,87.6196391
Africa,5.75,88,Wet Process,Bourbon Types,8.70004409,8.71589219,8.61476839,8.80301319,8.90413709,8.71388379,8.69571629,8.77942979,8.79259909,8.28051609,1,87.5923671
South America,6.25,87.9,Wet Process,"Caturra Types, Typica Types, Modern Hybrids",8.70429777,8.79482627,8.62246967,9.01217437,8.71445247,8.70429777,8.65570137,8.18776107,9.00609657,8.49792267,1,87.5870163
Indonesia & Asia,6.15,87.9,Dry Process,"Typica Types, Modern Hybrids",8.6013927,8.8026571,8.612999,8.8012533,8.8138571,8.3107366,8.4669571,8.007297,9.1847372,8.2981129,2,87.511435
Africa,6.15,88.1,Dry Process,Bourbon Types,8.86090698,9.03051318,7.57800048,8.95917738,9.05619088,8.62249418,8.65163558,8.09300648,9.25322478,7.99485008,2,87.5074592
Africa,5.75,87.8,Wet Process,Bourbon Types,8.49663942,8.60653322,8.70587842,8.70587842,9.03290572,8.51048012,8.56705972,8.49403112,8.68654932,7.99404452,2,87.4901208
Africa,6.15,87.9,Wet Process,Bourbon Types,8.69225971,8.60988231,8.81715771,8.81728741,8.33411881,8.62366571,8.56275551,8.48839371,8.76762861,8.18685051,2,87.4763499
Central America,6.4,87.8,Wet Process,"Caturra Types, Bourbon Types, Typica Types",8.61038762,8.70927412,8.60815312,8.79639412,8.80899692,8.61038762,8.66971852,8.49706152,8.49706152,8.49256492,1.5,87.4580718
Central America,6.7,87.8,Wet Process,"Caturra Types, Bourbon Types, Typica Types",8.59701936,8.70974746,8.50788226,8.70936696,8.80947226,8.51397916,8.75877206,8.49753116,8.70319476,8.49303456,1.5,87.4538144
Africa,5.75,87.8,Wet Process,Bourbon Types,8.58914869,8.71322169,8.61679379,8.71791099,8.72153209,8.60320869,8.55459989,8.29978199,8.79591009,8.18789209,2,87.4451551
Indonesia & Asia,7.35,87.8,Honey Process,N/A,8.70930232,8.71130982,8.72820792,8.89916452,8.81102982,8.70930232,8.56380402,8.38525902,8.78801382,8.49460642,1,87.4369708
South America,6.05,87.8,Wet Process,"Caturra Types, Typica Types, Modern Hybrids",8.69573205,8.71157935,8.61045835,8.79869935,9.31497095,8.51581475,8.67202375,8.19302085,8.78828525,7.99941535,1.5,87.4350195
Indonesia & Asia,6.75,87.8,Other Processes,"Typica Types, Modern Hybrids",8.68135729,8.89921659,8.22035209,9.01681319,9.03755369,8.51533409,8.53313919,7.51007599,9.57520669,7.81095119,2,87.4318061
Africa,5.9,87.8,Wet Process,Bourbon Types,8.69689031,8.81246901,8.41011761,8.71235891,8.81246901,8.61384531,8.56521841,8.38665631,8.78945011,8.00052501,2,87.4253159
Africa,6.05,87.8,Honey Process,Bourbon Types,8.50376466,8.71337366,8.52474836,8.90123706,8.90161856,8.51760536,8.55479766,8.29977656,8.88188126,8.00119686,2,87.4175524
Central America,6.75,87.8,Wet Process,"Caturra Types, Bourbon Types, Typica Types",8.5037575,8.8018742,8.5247403,8.8004714,9.5049592,8.5175973,8.6738005,8.5011502,8.6936475,8.2780019,1,87.416298
South America,6,87.7,Wet Process,"Caturra Types, Bourbon Types",8.60040702,8.71314182,8.52450702,8.80026762,8.90139712,8.61424772,8.57394262,8.50091402,8.69343222,8.27774282,1.5,87.3212918
Oceania,6.15,87.6,Wet Process,"Bourbon Types, Typica Types",8.38761866,8.60791166,8.73757136,8.73757136,9.05337386,8.22162116,8.63804116,7.98852356,8.75846826,8.46929896,2,87.3188034
South America,6.25,87.6,Wet Process,Typica Types,8.58411553,8.71041543,8.52580223,8.72717623,8.74093493,8.22445353,8.56339033,8.48568583,8.67381433,8.36421163,2,87.2904797
Central America,6.6,87.6,Wet Process,"Caturra Types, Bourbon Types, Typica Types",8.60744517,8.60661357,8.51770257,8.70595977,8.80607267,8.39983027,8.66678097,8.30587337,8.49410957,8.48961207,2,87.2897843
Central America,6.7,87.6,Wet Process,"Caturra Types, Bourbon Types, Typica Types",8.70628343,8.70829183,8.50642663,8.70791133,9.03492153,8.51252353,8.56909933,8.49607553,8.37795053,8.48051633,1.5,87.2683707
Africa,6.45,87.6,Dry Process,Bourbon Types,8.48970094,8.80131304,8.52821984,8.72959384,9.05862384,8.62803234,8.50495964,7.49944414,9.17056234,8.18955004,2,87.2663036
Central America,6.6,87.6,Wet Process,"Caturra Types, Bourbon Types",8.49894616,8.70855516,8.60743136,8.70817466,8.60883426,8.40206616,8.66899866,8.30811686,8.59703446,8.49184226,2,87.2657374
Central America,5.95,86.6,Wet Process,Caturra Types,8.3622852,8.3622852,8.3622852,8.3622852,8.3622852,8.3622852,8.3622852,8.3394332,8.3622852,8.3622852,3,87.265097
Central America,6.85,87.6,Wet Process,"Caturra Types, Bourbon Types, Typica Types",8.70782166,8.79834816,8.60871296,8.79694536,8.80954816,8.61094736,8.48206786,8.49762606,8.78653216,8.50145026,1,87.2513104
Africa,5.75,87.6,Wet Process,Bourbon Types,8.58404379,8.79914879,8.71023869,8.71023869,8.52236389,8.51484039,8.57141999,8.49839139,8.69090959,7.99840479,2,87.2465181
Oceania,6.5,87.6,Wet Process,Bourbon Types,8.50137993,8.61126613,8.79810423,8.79810423,9.03760813,8.51521963,8.67142863,8.38492393,8.78769013,8.49427503,1,87.2409707
South America,6.25,87.6,Wet Process,"Caturra Types, Typica Types, Modern Hybrids",8.60091824,8.71364634,8.51178114,8.71326584,8.81337114,8.51787804,8.56613394,8.38330504,8.50143004,8.27827024,2,87.2148256
South America,6.25,87.5,Wet Process,"Caturra Types, Bourbon Types, Typica Types",8.58254792,8.60105592,8.73883612,8.73883612,9.24279002,8.52721572,8.75826342,8.48411822,8.57160552,8.25473102,1,87.2061558
South America,6.4,87.6,Dry Process,"Caturra Types, Typica Types, Modern Hybrids",8.69923934,8.80361234,8.52646214,8.80220844,8.81481224,8.31171754,8.55651144,8.19651944,9.09814414,8.29077294,1.5,87.2004146
Central America,,87.6,Dry Process,"Caturra Types, Typica Types",8.49743548,8.62089618,7.63488378,8.47494398,9.15484418,8.23460568,8.49332028,7.20097428,9.09081158,8.19728458,4,87.1889582
Central America,6.25,87.5,Wet Process,"Caturra Types, Bourbon Types, Typica Types",8.60796368,8.70685398,8.70647348,8.70647348,8.71500118,8.60796368,8.56765848,8.49463278,8.70030128,8.68667798,1,87.1833792
South America,6.7,87.6,Wet Process,"Caturra Types, Modern Hybrids",8.70142902,8.80580492,8.61615152,8.80440112,8.72542442,8.71526972,8.55869832,8.19869672,8.78081672,8.19330752,1.5,87.1791468
Central America,6.85,87.6,Wet Process,"Caturra Types, Bourbon Types, Typica Types",8.68725681,8.70549481,8.42799091,8.92107861,9.43702791,8.53545471,8.55894941,8.18698781,8.86782171,8.27193731,1,87.1642379
South America,6.5,87.5,Wet Process,"Caturra Types, Typica Types",8.61107135,8.79848465,8.52133445,8.79708075,8.90941315,8.51419145,8.57076725,8.49774345,8.78666665,8.49324685,1,87.1516915
Africa,6.15,87.5,Dry Process,Bourbon Types,8.28608522,8.39024832,8.23921112,8.89112382,9.06250572,8.72874642,8.64717302,7.99765542,8.98631582,8.27093512,2,87.1274848
South America,6.2,87.5,Wet Process,"Caturra Types, Variedad Colombia, Typica Types",8.6978116,8.8021903,8.511785,8.7132802,8.613935,8.6147666,8.5550761,8.1075311,8.8821778,8.0014463,2,87.116103
Central America,6.8,87.4,Wet Process,"Caturra Types, Bourbon Types, Typica Types",8.61181832,8.71070672,8.50884152,8.71032622,8.81043152,8.51493842,8.67115022,8.49849042,8.38036542,8.48293122,1.5,87.0442218
Central America,7.3,87.4,Dry Process,Heirloom Types,8.50153918,8.71115868,8.32102868,8.71077818,9.03780548,8.21088308,8.54153058,7.99116608,8.87967578,8.49443428,2,87.0411232
South America,6.2,87.4,Wet Process,"Caturra Types, Typica Types, Modern Hybrids",8.59954738,8.71227368,8.22143178,8.78615668,8.52403168,8.41963008,8.76129818,8.20688538,8.88077838,8.28796678,2,87.0280762
Central America,6.65,87.4,Honey Process,Modern Hybrids,8.69860827,8.80298127,8.61333257,8.80157737,8.81418117,8.71244797,8.68323597,8.38838947,8.69474777,8.19049817,1,87.0067253
Africa,5.85,87.4,Wet Process,Bourbon Types,8.69971762,8.80408872,8.73246302,8.80268492,8.30855382,8.61667842,8.55699172,7.99562372,8.87979712,8.00340092,2,86.9951638
Central America,6.2,87.3,Wet Process,Modern Hybrids,8.59472434,8.51920574,8.60632964,8.60632964,8.40014994,8.51168224,8.47967404,8.49523414,8.59593264,8.49073764,2,86.9773656
Africa,5.9,87.4,Wet Process,Bourbon Types,8.68607927,8.70314047,8.62333037,8.74091937,8.14147967,8.61765407,8.55689357,8.48271487,8.67415357,8.17363477,2,86.9729233
Central America,6.6,87.3,Dry Process,Caturra Types,8.69215122,8.80772992,8.21712412,8.78188822,9.03464712,8.60910622,8.46916882,7.98800772,9.00782032,8.19235632,1.5,86.9727068
Central America,6.8,87.3,Wet Process,"Caturra Types, Bourbon Types, Typica Types",8.49865025,8.60853645,8.40565455,8.60713355,9.03487845,8.30489225,8.56906475,8.49604195,8.29466505,8.48048275,2,86.9682675
South America,6.36,87.3,Wet Process,"Bourbon Types, Typica Types",8.49929935,8.70895225,8.40628265,8.70857165,8.90844755,8.51314185,8.56973005,8.49669105,8.49669105,8.49219255,1.5,86.9674035
Central America,6.6,87.3,Machine Washed,Caturra Types,8.40241465,8.60107175,8.70854415,8.70854415,8.52066645,8.51314295,8.48113285,8.49669395,8.38283575,8.98495335,1.5,86.9639405
Central America,6.7,87.3,Wet Process,"Caturra Types, Bourbon Types, Typica Types",8.40345079,8.61020829,8.39410189,8.60880539,8.72925359,8.30657559,8.75894529,8.49771859,8.49771859,8.49322199,2,86.9506141
Central America,7.6,87.3,Wet Process,Bourbon Types,8.29083197,8.51610127,8.74114737,8.74130477,9.04734267,8.30619087,8.46978127,8.47024477,8.26845967,8.44859537,2,86.9353303
Central America,5.95,87.3,Wet Process,Modern Hybrids,8.70958985,8.71159735,8.50974165,8.71121685,8.89983455,8.61271365,8.56409155,8.29801925,8.78830135,8.49489395,1,86.9340955
South America,6.45,87.3,Honey Process,"Caturra Types, Typica Types, Modern Hybrids",8.69669577,8.80106877,8.61142007,8.79966487,8.61282297,8.51677557,8.67298737,8.20714607,8.88105147,8.00036707,1.5,86.9258503
South America,6.3,87.3,Wet Process,"Caturra Types, Bourbon Types, Modern Hybrids",8.50323729,8.71285019,8.51098119,8.71246969,8.52460059,8.51707709,8.55427129,8.19426969,8.88136249,8.18888049,2,86.9234171
Africa,6.05,87.2,Dry Process,Bourbon Types,8.49678861,8.70639761,8.51777231,8.79351861,9.03302731,8.51062931,8.44819131,7.69325271,9.00620141,7.99422081,2,86.8873129
Decaf,7.35,87.3,Water Process Decaf,Heirloom Types,8.6040686,8.5091103,8.4093636,8.6125839,8.2194184,7.8127316,8.4458044,7.6899608,9.0076903,8.9892681,3,86.865975
Indonesia & Asia,6.4,87.2,Wet Process,"Typica Types, Modern Hybrids",8.30524033,8.50917403,8.70822973,8.70822973,8.60888933,8.51284193,8.48083473,8.37826893,8.49639393,8.49189733,2,86.8651867
Decaf,7.75,87.2,Water Process Decaf,"Caturra Types, Typica, Bourbon Types, Heirloom Types",8.40312023,8.52137013,8.79675123,8.70924493,8.89788073,8.61073133,8.47079393,7.90209793,8.89130233,8.99670723,1,86.8564557
Africa,6.05,87.2,Wet Process,Bourbon Types,8.59691695,8.70965175,8.60852325,8.70927125,8.52139645,8.61075765,8.75867925,8.49742395,8.68994215,7.99743735,1.5,86.8561925
Central America,6.4,87.2,Wet Process,"Caturra Types, Bourbon Types, Typica Types",8.40331896,8.70980796,8.60868416,8.70942746,8.52156226,8.51403966,8.67025146,8.49759166,8.37946666,8.18584976,2,86.8532094
Central America,6.25,87.2,Wet Process,"Bourbon Types, Typica Types",8.51589292,8.61194032,8.61053742,8.71128072,8.71980752,8.51589292,8.57246872,8.49944492,8.19309322,8.74964132,1.5,86.8346768
Indonesia & Asia,6.65,87.2,Other Processes,Hybrids,8.69711171,8.71296081,8.52432601,8.80008661,9.21667441,8.51718201,8.53499471,7.69976201,9.28854431,8.20835741,1,86.8231019
South America,6.3,87.2,Wet Process,"Caturra Types, Bourbon Types, Typica Types, Heirloom Types",8.70095145,8.71679955,8.41419395,8.79068355,8.81652435,8.31342965,8.55822355,8.21140175,8.88530715,8.29248505,1.5,86.7832935
Central America,7,87.1,Machine Washed,"Caturra Types, Bourbon Types",8.70506885,8.70707725,8.60595345,8.70669675,8.80680205,8.51130895,8.55956485,8.30663895,8.70052455,8.49036435,1,86.7805165
Central America,7.3,87.1,Wet Process,Modern Hybrids,8.49758676,8.70718536,8.60606726,8.70680476,8.21166476,8.70517686,8.47942026,8.49497946,8.70063266,8.49048186,1.5,86.7781774
Central America,5.9,86,Wet Process,Caturra Types,8.35228519,8.35228519,8.35228519,8.35228519,8.35228519,8.35228519,8.35228519,8.32943329,8.35228519,8.35228519,2.5,86.7642191
Oceania,6.2,87.1,Wet Process,"Bourbon Types, Typica Types",8.50063284,8.71025624,8.60912574,8.70987474,8.52199704,8.30685774,8.53228624,7.69703874,9.01008184,8.50184884,2,86.7506346
Africa,5.95,87.1,Wet Process,Bourbon Types,8.58350456,8.71007336,8.50820816,8.70969286,8.52182766,8.51430506,8.65946576,8.19150536,8.70352066,7.99789656,2,86.7505554
Central America,6.5,87.1,Wet Process,"Caturra Types, Hybrids",8.50022097,8.69892847,8.50693097,8.61467517,8.81463307,8.51571047,8.48890467,8.49184387,8.49162447,8.47652787,1.5,86.7389613
Central America,6.4,87.1,Wet Process,"Caturra Types, Bourbon Types, Typica Types",8.40649417,8.71298317,8.61185937,8.61185937,8.73231417,8.30961327,8.76200777,8.38691627,8.29938607,8.26656637,2,86.7214573
South America,6.15,87,Wet Process,"Caturra Types, Typica Types, Modern Hybrids",8.49502257,8.70464207,8.51600727,8.70426157,8.51638677,8.50886327,8.47685417,8.30418187,8.78135277,7.99242767,2,86.7062893
Africa,6.15,87,Wet Process,Bourbon Types,8.59440552,8.60741462,8.51850552,8.70675982,8.51888502,8.40063512,8.56794112,8.49491252,8.59561482,7.99492592,2,86.6813068
Central America,6.15,87,Wet Process,Bourbon Types,8.30403344,8.60766814,8.50552864,8.50552864,8.40009994,8.51162544,8.37999364,8.49517844,8.30696414,8.98337954,2,86.6761876
Central America,5.8,87,Wet Process,Hybrids,8.60919273,8.70808113,8.60695733,8.70770063,8.80780593,8.51231283,8.56056873,8.29448403,8.70152843,8.49136823,1,86.6704777
Central America,6.45,87,Wet Process,"Caturra Types, Bourbon Types, Typica Types",8.49934422,8.70896762,8.40634002,8.70858612,8.71711482,8.51318492,8.56144372,8.29534092,8.59743922,8.49223842,1.5,86.6635208
Central America,7.1,87,Dry Process,Modern Hybrids,8.59634773,8.70907013,8.21824633,8.70869053,8.52083573,8.51331323,8.48130693,8.08984083,8.87756913,8.28477943,2,86.6591387
Central America,6.5,87,Wet Process,"Caturra Types, Bourbon Types, Typica Types",8.30588077,8.52099337,8.52061387,8.70884817,8.80894777,8.40275597,8.48146457,8.37890547,8.59771457,8.27387547,2,86.6575623
Central America,6.05,87,Honey Process,"Bourbon Types, Modern Hybrids",8.69345482,8.52106672,8.60818392,8.60818392,8.80902112,8.51354422,8.49260052,8.37897882,8.68959442,8.18537152,1.5,86.6568288
South America,6.4,87,Wet Process,"Caturra Types, Typica Types, Modern Hybrids",8.5832128,8.7097882,8.5079125,8.7094077,8.7179355,8.2095126,8.6702289,8.1911925,8.7032355,7.9975738,2,86.654828
Indonesia & Asia,6.7,87,Wet Hulled,"Typica Types, Modern Hybrids",8.40365583,8.51069433,8.70972323,8.50826623,8.30314043,8.40365583,8.57093033,8.59859833,8.49791603,8.49341943,2,86.6466847
Central America,6.95,87,Wet Process,Heirloom Types,8.40374891,8.60236491,8.70981631,8.70981631,8.90962351,8.51445431,8.57102341,8.49800911,8.59869141,8.48245181,1,86.6457539
South America,5.95,87,Wet Process,"Caturra Types, Typica Types, Modern Hybrids",8.40507152,8.71156052,8.50969532,8.61043672,8.81128532,8.30819062,8.56404812,8.29796342,8.29796342,8.48378502,2,86.6356838
South America,6.1,87,Wet Process,"Caturra Types, Typica Types, Modern Hybrids",8.50198165,8.71159065,8.50972545,8.71121015,8.81131545,8.30822075,8.55301465,8.29799355,8.60006995,8.49487775,1.5,86.6353825
Indonesia & Asia,5.9,87,Honey Process,N/A,8.30884297,8.60436187,8.39637307,8.61108427,8.20548177,8.51644067,8.57301547,8.49999267,8.78891117,8.49549607,2,86.6287603
South America,6.25,86.6,Wet Process,"Caturra Types, Typica Types, Modern Hybrids",8.45165382,8.45165382,8.45165382,8.45165382,8.45165382,8.45165382,8.45165382,8.45165382,8.53511562,8.45165382,2,86.6229988
Central America,6.65,86.9,Wet Process,"Caturra Types, Bourbon Types, Typica Types",8.40516554,8.60380544,8.12006934,8.59729084,8.81137164,8.41900524,8.98765164,8.49943624,7.99170764,8.46449644,2,86.5343246
Decaf,7.2,87,No,"Caturra Types, Bourbon Types, Typica Types",8.32250449,8.41863299,8.23497059,8.51088759,8.53775839,8.03168729,8.27108429,8.00572729,7.31824349,9.34850359,4,86.5063161
Indonesia & Asia,6.2,86.9,Wet Hulled,"Typica Types, Modern Hybrids",7.59795126,8.01754936,7.33242596,8.37407196,9.52304826,7.93000966,8.21644576,7.40189966,9.49768906,8.00890906,5,86.4952144
South America,6,86.9,Wet Process,"Caturra Types, Typica Types, Modern Hybrids",8.50617939,8.71578839,8.51392319,8.71540789,8.30064259,8.40929939,8.55721239,8.21039059,8.77932599,8.19183019,2,86.4934051
Central America,5.65,86.8,Wet Process,Modern Hybrids,8.39957319,8.60634599,8.51743969,8.70568839,8.90552799,8.20580759,8.47828759,8.29246219,8.69951619,8.48935119,1.5,86.4912301
Central America,6.8,86.8,Wet Process,"Caturra Types, Bourbon Types",8.30378169,8.60742589,8.50528259,8.60602299,8.72647489,8.30378169,8.47937219,8.49493139,8.29355449,8.47937219,2,86.4793731
Indonesia & Asia,5.65,86.8,Wet Process,"Typica Types, Modern Hybrids",8.28145219,8.51274389,8.64138029,8.64138029,8.32459159,8.22611999,8.55399989,8.29922769,8.08050919,8.23859499,3,86.4738151
Central America,6.5,86.8,Wet Process,"Caturra Types, Modern Hybrids",8.30643054,8.60193794,8.39395684,8.50792374,8.71792474,8.51402064,8.48201434,8.49757354,8.29620334,8.48201434,2,86.4520646
Central America,6.55,86.8,Wet Process,Caturra Types,8.30840758,8.60392648,8.39593768,8.61064888,8.71991708,8.51600528,8.48399808,8.49955728,8.19321138,8.96839028,1.5,86.4331142
Central America,6,86.8,Wet Process,"Caturra Types, Bourbon Types, Typica Types, Modern Hybrids",8.30886899,8.61251799,8.51037369,8.61111509,8.81196369,8.51647059,8.48446339,8.48685989,7.99228489,8.46508179,2,86.4289001
Central America,6.55,86.8,Wet Process,Caturra Types,8.30897273,8.60449163,8.22149313,8.59797703,8.81205783,8.30897273,8.48456323,8.50012243,7.99239383,8.96895543,2,86.4274627
Central America,6.8,86.8,Wet Process,Bourbon Types,8.50277767,8.71238197,8.40978197,8.71200137,9.31577357,8.51661737,8.67282637,8.50016937,7.99244077,8.46522957,1,86.4269933
South America,6.3,86.8,Wet Process,"Caturra Types, Variedad Colombia, Typica Types",8.50321176,8.60497456,8.32271076,8.61169696,8.81254556,8.51705246,8.66221316,8.19425276,8.38247946,8.18886256,2,86.4230814
South America,6.25,86.8,Wet Process,"Caturra Types, Typica Types, Modern Hybrids",8.60076833,8.61377743,8.22262693,8.59913663,8.90175843,8.51772433,8.55491853,8.09420713,8.69379353,8.00128873,2,86.4176787
Indonesia & Asia,5.9,86.8,No,"Hybrids, Typica Types",8.00571092,8.52530612,8.32344572,8.51168672,8.29840982,8.21330772,8.36676162,7.99360692,8.38321242,8.17855202,4,86.4153318
Indonesia & Asia,6.2,86.8,Giling Basah,Hybrids,8.50615884,8.60787584,7.61682794,8.57086374,9.21099564,8.21564764,8.34966084,7.19546694,9.49226284,8.03423974,3,86.3826056
South America,6.05,86.7,Wet Process,"Caturra Types, Variedad Colombia",8.30406912,8.59960812,8.39160502,8.50558432,8.72679292,8.20718442,8.47967212,8.29384102,8.70090732,8.49073562,2,86.3781098
South America,6.25,86.7,Wet Process,"Typica Types, Modern Hybrids",8.30721806,8.60274176,8.60946416,8.71020746,8.30357026,8.30721806,8.48281246,8.38452106,8.49837166,8.49387506,2,86.3454094
South America,7.09,86.7,Wet Process,"Caturra Types, Typica Types, Modern Hybrids",8.50170594,8.71131494,8.50944974,8.71093444,8.81103974,8.51554664,8.57212244,8.49909864,8.38524804,8.48353944,1,86.3381396
South America,6.15,86.7,Wet Process,"Caturra Types, Typica Types, Modern Hybrids",8.19750707,8.61187567,8.71121607,8.50973137,8.81132137,8.40510757,8.67204007,8.49938027,8.29799947,8.48382107,1.5,86.3353233
Indonesia & Asia,6.25,86.7,Wet Hulled,Modern Hybrids,8.10098016,8.29680096,8.22109736,8.59758126,8.90018116,8.21169886,8.45373766,7.69881236,9.01173816,8.20737206,3,86.3314204
South America,5.95,86.7,Wet Process,"Caturra Types, Bourbon Types, Typica Types",8.502483,8.712092,8.3962532,8.6109682,8.8118168,8.405603,8.4843165,8.4998757,8.4998757,8.2767159,1.5,86.330369
Indonesia & Asia,6.3,86.7,Wet Hulled,Typica Types,7.89338535,8.29677105,8.40929985,8.71149445,9.21551315,8.01793335,8.32635495,7.01609565,9.69437785,8.11877435,3,86.3299175
Central America,6.6,86.7,Wet Process,Caturra Types,8.51709289,8.61314029,8.52423589,8.71248069,8.81258599,8.30949129,8.57366869,8.48748219,7.69971629,8.95010579,1.5,86.3226771
Indonesia & Asia,6.6,86.6,Honey Process,Modern Hybrids,8.1800882,8.5000793,8.3307392,8.623624,8.8265449,8.2215883,8.4692661,8.294696,8.6841079,8.4692661,2,86.319132
Central America,5.75,85.4,Wet Process,Bourbon Types,8.34275755,8.34275755,8.34275755,8.34275755,8.34275755,8.34275755,8.34275755,8.31518205,8.34275755,8.34275755,2,86.3067315
Oceania,6.55,86.7,Wet Process,Bourbon Types,8.28905032,8.41116932,8.33825902,8.62669302,8.82570102,7.93050072,8.59863402,7.19314892,8.99627332,8.49057032,3,86.3042798
South America,5.85,86.6,Wet Process,"Caturra Types, Variedad Colombia, Typica Types",8.49545196,8.60534766,8.51643666,8.70469386,8.20949656,8.20479016,8.47728256,8.30460746,8.59354696,8.48834616,2,86.3024434
Central America,6.55,86.6,Wet Process,"Caturra Types, Bourbon Types, Typica Types",8.30350082,8.59901972,8.31676072,8.60574212,9.03348702,8.31734052,8.98286592,8.49465052,7.98692192,8.45971072,1.5,86.2821818
Indonesia & Asia,5.65,86.6,Wet Process,"Typica Types, Modern Hybrids",8.30374024,8.51887584,8.40450934,8.60600264,8.51887584,8.30374024,8.46829964,8.20170764,8.78384184,8.49040674,2,86.2813986
Central America,6.5,86.6,Machine Washed,Caturra Types,8.30478498,8.60029238,8.31804388,8.60701478,8.51989758,8.41549888,8.66857828,8.49592798,8.18959248,8.48036878,2,86.2685202
Central America,6.5,86.6,Machine Washed,"Caturra Types, Modern Hybrids",8.30517332,8.60069222,8.31843322,8.60741462,8.71668282,8.20829522,8.48076382,8.49632302,7.90106572,8.96515602,2,86.2654568
Central America,6.45,86,Wet Process,Caturra Types,8.4022852,8.4022852,8.4022852,8.4022852,8.4022852,8.4022852,8.4022852,8.3794332,8.4022852,8.4022852,2,86.265097
Central America,5.65,86.6,Wet Process,Modern Hybrids,8.19527124,8.80922194,8.60832944,8.70909474,8.01434344,8.30601664,8.48164914,8.49721214,8.49721214,8.48164914,2,86.2624976
Central America,6.6,86.6,Wet Process,"Caturra Types, Bourbon Types, Typica Types",8.40374237,8.71022567,8.50836427,8.60910467,9.03684957,8.30686337,8.48245387,8.29663617,7.99028447,8.25547557,2,86.2485563
Indonesia & Asia,6.2,86.6,Giling Basah,Typica Types,8.00254668,8.29526648,8.21955808,8.50855858,8.81016388,8.21015868,8.23627218,7.79793968,9.01025428,8.00928148,3.5,86.2483672
Central America,5.75,86.6,Wet Process,Modern Hybrids,8.40418338,8.52242178,8.50880238,8.50880238,8.72998898,8.30730718,8.37493698,8.38033198,8.38033198,8.48289298,2,86.2434502
South America,5.65,86.6,Dry Process,Bourbon Types,8.19800199,8.52386389,7.72671759,8.46648989,9.03876599,7.81046069,8.24628839,7.80389939,9.27454579,8.01096639,3.5,86.2315181
Indonesia & Asia,6.25,86.6,Wet Hulled,"Typica Types, Modern Hybrids",7.69986026,8.00905296,7.44191476,8.27829286,9.03873556,7.90744756,8.39578936,7.01628846,9.78218676,8.03043146,5,86.2283224
Central America,6.55,86.6,Wet Process,"Caturra Types, Typica, Bourbon Types",8.30894198,8.60444938,8.32220088,8.61117178,9.20780668,8.30894198,8.48452578,8.38196668,7.90484868,8.46514618,2,86.2269502
Central America,6,86.6,Wet Process,"Caturra Types, Bourbon Types, Typica Types, Modern Hybrids",8.50292184,8.52428514,8.61140704,8.51066564,8.72067714,8.40604184,8.57333834,8.48715184,8.00573804,8.25777314,2,86.2259806
Indonesia & Asia,7.4,86.6,Honey Process,"Typica Types, Modern Hybrids",8.18525542,8.50448352,8.33554682,8.52324902,9.34356342,8.22665632,8.36608062,8.18179352,8.67494622,8.25842512,2,86.2161808
South America,5.8,86.6,Wet Process,Typica Types,8.29691447,8.52589067,8.32401597,8.51227027,8.61442027,8.21387037,8.54451787,7.99415337,8.38378657,8.19016017,3,86.2112503
Indonesia & Asia,6.3,86.6,Wet Process,"Typica Types, Modern Hybrids",8.50458887,8.61448457,8.51233277,8.51233277,8.81394367,8.51842957,8.48641947,8.48881707,7.70099477,8.44765647,2,86.2110743
Central America,6.75,86.5,Honey Process,"Caturra Types, Bourbon Types, Typica Types",8.49546299,8.70508249,8.50320679,8.60395399,9.03172929,8.01103559,8.48835809,8.49285469,8.18648679,7.98182929,2,86.2018851
Indonesia & Asia,6.45,86.6,Wet Hulled,"Typica Types, Modern Hybrids",8.31118732,8.51506952,8.02229932,8.70084052,9.04100472,8.40804442,8.51716952,7.29461632,9.49120102,8.29856732,2,86.2000808
Central America,,86.2,Machine Washed,"Caturra Types, Modern Hybrids",8.2,8.5,8,8.5,8.8,8.2,8.3,8.2,8,8.5,3,86.2
South America,5.75,86,Wet Process,Typica Types,8.40145807,8.40145807,8.40145807,8.40145807,8.40145807,8.40145807,8.40145807,8.38687737,8.40145807,8.40145807,2,86.1923533
South America,5.95,86.5,Wet Process,"Caturra Types, Typica Types, Modern Hybrids",8.49841564,8.60831134,8.40541144,8.70765754,8.71618624,8.51225634,8.56883694,8.49580734,8.49580734,8.49130984,1,86.1728066
Central America,6.55,86.5,Wet Process,"Caturra Types, Hybrids",8.49897919,8.52034249,8.40598259,8.60746439,8.80831299,8.30521829,8.49187529,8.70203549,8.19002019,8.46976909,1.5,86.1654071
Central America,6.1,86.5,Wet Process,Bourbon Types,8.30576463,8.52093643,8.40655083,8.70884273,9.21302263,8.01505893,8.38174383,8.49696013,7.98910903,8.46201083,2,86.1650177
Central America,6.05,86.5,Wet Process,Bourbon Types,8.49926103,8.60915673,8.60775393,8.60775393,8.01385753,8.51310173,8.48109163,8.49665273,8.19027913,8.48109163,2,86.1643527
Indonesia & Asia,6.15,86.6,Wet Hulled,"Typica Types, Modern Hybrids",8.20422805,8.41092655,7.33038485,8.44612475,9.32122005,8.02438795,8.33270235,7.02289975,9.48152035,8.02560535,4,86.1584615
Central America,5.75,86.5,Wet Process,Modern Hybrids,8.19517831,8.52101641,8.60813741,8.60813741,8.52101641,8.30589611,8.26284911,8.29566891,8.68955071,8.49254921,2,86.1582289
Central America,6.1,86.5,Wet Process,Caturra Types,8.19519691,8.50984461,8.31917461,8.50741561,9.31266861,8.51351241,8.38187671,8.49706441,7.80112151,8.46212461,2,86.1580429
Central America,6.75,86.5,Wet Process,Bourbon Types,8.29265489,8.51042829,8.70948399,8.60874069,8.71801079,8.40337549,8.48208899,8.49764819,8.19129649,8.08627219,2,86.1526441
Central America,5.95,86.5,Other Processes,Bourbon Types,8.50168158,8.61156398,8.39545758,8.61016108,9.41436128,8.30793128,8.48351508,8.49907428,8.19273878,8.48351508,1,86.1370572
Central America,6.6,86.5,Wet Process,Caturra Types,8.40498592,8.52322722,8.50960782,8.61034822,8.81119202,8.21122882,8.48369742,8.48609492,7.99152802,8.96808962,1.5,86.1361208
Central America,6.8,86.5,Wet Process,Modern Hybrids,8.50300979,8.71262929,8.39677429,8.61150079,8.01761529,8.40612409,8.67306999,8.50040149,8.19403359,8.48484139,2,86.1264171
Central America,6.15,86.5,Wet Process,"Caturra Types, Bourbon Types, Typica Types",8.3103491,8.5254694,8.3978792,8.51185,8.8134342,8.3103491,8.5662008,8.3833757,8.1951529,8.4859396,2,86.113699
Indonesia & Asia,6.65,86.5,Honey Process,"Typica, Modern Hybrids",8.29655967,8.51432157,8.51189357,8.51189357,8.61403307,8.10280827,8.25901247,7.99382907,8.69404247,8.00160627,3,86.1125383
Central America,6.55,86.5,Wet Process,Caturra Types,8.3107019,8.6062409,8.2232166,8.5997263,8.8138224,8.3107019,8.4752613,8.1954971,7.9941002,8.9707314,2,86.111782
Central America,5.95,86.5,Wet Process,"Caturra Types, Bourbon Types, Typica Types",8.2001646,8.4069517,8.3984125,8.6131237,8.8139675,8.6153582,8.5750549,8.5020321,8.1956862,8.1792486,2,86.108366
South America,6.1,86.5,Wet Process,"Caturra Types, Typica Types, Heirloom Types",8.50488064,8.71448964,8.32437964,8.61336584,8.71448964,8.40800064,8.55591364,8.19592164,8.77802724,8.19053144,1.5,86.1063926
Central America,,86.4,Machine Washed,Caturra Types,8.40033597,8.50738877,8.31671497,8.50495977,8.51857927,8.51105667,8.47904947,8.49460867,8.18825697,8.47904947,2,86.0830393
Central America,6.35,86.5,Wet Process,"Caturra Types, Bourbon Types, Typica Types",8.41104226,8.60967446,8.40169336,8.51566026,8.81723406,8.21729186,8.54790496,7.99759956,8.49214836,8.48975086,2,86.0746994
South America,5.85,86.4,Wet Process,"Bourbon Types, Modern Hybrids",8.29675153,8.39521843,8.42419483,8.52488763,9.34716083,8.22758633,8.38672023,8.47139313,7.88957743,8.43650963,2,86.0591517
Central America,6.2,86.5,Wet Process,Caturra Types,8.29104544,8.51861414,7.93498594,8.50057154,8.82192834,8.53186544,8.49786404,8.47272994,7.50308874,8.42730644,3,86.0584936
South America,6,86.4,Wet Process,Caturra Types,8.40446958,8.52271288,8.50909338,8.60983478,8.40365998,8.40446958,8.48318308,8.49874228,8.09169498,8.47213948,2,86.0417032
South America,5.25,83.4,Dry Process,"Bourbon Types, Modern Hybrids",7.39997339,7.89754149,7.51852799,7.99586059,8.50107429,7.60762029,7.85801359,7.19772959,8.71240089,7.71125789,5,86.0319551
Decaf,7.3,86.4,Wet Process then SWP Decaf,Hybrids,8.21265914,8.19803554,7.81911304,8.29633074,8.80142334,8.01890214,8.15851714,7.90542964,8.50068694,8.98890234,3.5,86.0218176
Central America,5.65,86.4,Wet Process,Modern Hybrids,8.50516733,8.71478683,8.41216503,8.61365833,8.90304213,8.40828163,8.56726583,8.30116783,8.69507723,8.27938783,1,86.0048417
Central America,5.55,86.3,Wet Process,"Caturra Types, Modern Hybrids",8.19692148,8.60275858,8.33373948,8.52188988,8.82954518,8.32141988,8.36434668,8.19277688,8.47267068,8.46393128,2,85.9891292
Decaf,7.2,86.4,Wet Process then SWP Decaf,Bourbon Types,7.51497489,8.01633769,7.05468829,8.24769719,8.43641509,7.62924609,8.14238199,7.23146519,8.65885669,9.46793689,6,85.9705761
Central America,5.85,86.3,Wet Process,Caturra Types,8.30629153,8.52141183,8.40705383,8.60853283,9.03627773,8.30629153,8.48188203,8.48427953,7.69652693,8.45145223,2,85.9542747
Central America,5.7,86.3,Wet Process,Bourbon Types,8.30678267,8.40285197,8.21930307,8.50828357,9.03676887,8.20990457,8.48237317,8.48477067,7.69701807,8.45194337,2.5,85.9493633
Central America,6.45,86.3,Wet Process,"Caturra Types, Typica Types",8.29854051,8.60754531,8.33852621,8.52667661,9.24115411,8.22937531,8.54621831,8.08376451,7.97885121,8.44934791,2,85.9412619
Central America,6.45,86.3,Wet Process,Bourbon Types,8.31076408,8.71413398,8.22328358,8.51226878,8.30711628,8.40764498,8.38672718,8.48875498,7.51276478,8.43654138,3,85.9099492
Africa,5.25,86.3,Wet Process,Bourbon Types,8.200121,8.5147687,8.0218845,8.3108636,8.8139239,8.0202037,8.5362473,7.9067312,8.4888268,8.4864293,3,85.908802
Central America,5.95,86.4,Wet Process,"Caturra Types, Bourbon Types, Typica Types",8.21130924,8.31025864,8.03306084,8.51031474,9.22099664,8.21130924,8.27064394,8.19366434,7.02939064,8.40905174,4,85.8984456
Central America,5.5,86.2,Wet Process,Modern Hybrids,8.40322072,8.52145812,8.31960442,8.50783872,8.80941252,8.30634552,8.36291932,8.19115302,8.29611832,8.48192932,2,85.8529148
Central America,5.85,86.2,Wet Process,Caturra Types,8.21042707,8.39223077,8.32059177,8.50887857,8.61104567,8.21042707,8.38330917,8.29709897,7.80241477,8.46357617,3,85.8493643
South America,5.45,86.2,Dry Process,"Bourbon Types, Modern Hybrids",7.79775982,8.29809122,8.02089342,8.30989202,9.03990582,7.90848622,8.34706342,7.49866512,8.78996972,8.18927322,4,85.8201198
Caribbean,6.55,86.1,Wet Process,Caturra Types,8.20586718,8.50667518,8.21526568,8.50424618,8.71425478,8.01211018,8.45895518,7.89863768,8.59458958,8.48939838,2.5,85.7897372
Central America,6.4,86.1,Machine Washed,Caturra Types,8.30708225,8.51101215,8.32034215,8.39461235,8.72977545,8.21020415,8.36365805,8.20505625,8.09119225,8.96706495,2,85.7463675
South America,5.35,86.1,Dry Process,"Typica, Bourbon Types",8.00035831,8.40071851,7.33231521,8.29658481,9.23208211,7.81563451,8.16506841,7.99447801,8.68715741,8.17560271,4,85.7319889
Indonesia & Asia,5.8,86.1,Wet Process,"Typica Types, Modern Hybrids",8.21183437,8.39358847,8.12049817,8.49697067,8.73139137,8.30870957,8.37633937,8.49985457,7.99214027,8.96867317,2,85.7294263
Indonesia & Asia,6.55,86.4,Wet Hulled,"Typica Types, Modern Hybrids",7.82370104,7.91895744,7.06418154,8.29539694,9.06853024,8.62682264,8.02490874,6.07553024,9.45740814,8.04456304,6,85.7294126
Decaf,6.9,86.1,Wet Process then SWP Decaf,Bourbon Types,7.9082341,8.117712,7.5261058,7.9901213,8.7211542,8.102004,8.2582244,7.6998081,8.7765474,9.0000887,4,85.722641
Central America,6.35,86,Machine Washed,Caturra Types,8.20775077,8.40069817,8.31788877,8.31788877,8.72732207,8.20775077,8.37226057,8.49577857,7.98804997,8.96461157,2,85.6709013
Central America,5.55,86.1,Wet Process,Modern Hybrids,8.41598576,8.60939276,8.51046726,8.60294216,8.82016056,8.31360306,8.38090386,8.30128446,7.89893496,8.24632516,2,85.6651944
Central America,6.75,86,Wet Process,Bourbon Types,8.19500717,8.50964337,8.11751067,8.49398027,9.03568067,8.01509607,8.18513857,8.49686417,7.98915367,8.46192537,2.5,85.6591583
South America,5.9,86,Wet Process,"Caturra Types, Modern Hybrids",8.19645763,8.51111093,8.21969673,8.49544683,8.52230143,8.40405813,8.37480993,8.31010883,8.69083853,8.27517103,2,85.6458177
South America,5.8,86.1,Dry Process,Bourbon Types,7.79863595,8.02293635,7.33585875,8.28818315,8.83234025,7.90953775,8.07232665,7.79793255,8.77147575,8.27077285,5,85.6375065
South America,5.5,86.1,Dry Process,Caturra Types,8.20726404,8.30620294,7.53455124,8.56322104,8.82104504,8.31797804,8.35516944,7.20052204,8.78485884,8.00918734,4,85.6365896
Central America,6.5,86,Machine Washed,Caturra Types,8.30826209,8.60376949,8.32152099,8.39578839,8.73094009,8.30826209,8.37589089,8.49940509,7.99169459,8.46446629,2,85.6337491
Central America,6.1,87,Wet Process,"Caturra Types, Bourbon Types, Typica Types",8.40724647,8.40724647,8.40724647,8.59101097,8.59101097,8.59101097,8.59101097,8.59972377,8.40724647,8.40724647,2,85.6318883
Central America,5.45,86,Wet Process,Bourbon Types,8.1985352,8.6129038,8.5107595,8.5107595,8.9008696,8.2123749,8.4848492,8.2990276,7.8044531,8.4654676,2,85.625042
South America,5.3,86,Dry Process,Modern Hybrids,8.20116822,8.30010712,7.61595262,8.29867662,8.81494922,7.81366792,8.16086782,7.89463342,8.70867742,8.19129962,4,85.5975478
Indonesia & Asia,6.4,86,Wet Process,"Typica Types, Modern Hybrids",7.99817754,8.20419404,7.83941744,8.31527234,9.51811694,7.83257584,8.30320454,7.00082594,8.99966904,7.98854634,4,85.5549296
South America,5.8,86,Wet Process,"Caturra Types, Bourbon Types, Typica Types",8.49515973,8.60581363,8.33764523,8.52511373,8.42997043,8.41296163,8.48993553,8.47152293,7.79187503,8.44000213,2,85.5538267
Indonesia & Asia,6.05,86,Wet Hulled,Typica Types,7.79705464,8.21726114,7.54847944,8.31301104,9.04901684,7.72846204,8.37724954,7.01044784,8.76989444,8.18912304,5,85.5533196
Decaf,7.35,86,Wet Process then SWP Decaf,"Caturra Types, Bourbon Types, Typica Types",8.01451798,8.30721688,8.23151328,8.50725958,8.53411318,8.02835778,8.26760508,7.98497888,7.21466038,8.90977698,4,85.5272612
Decaf,7.2,86,Wet Process,Bourbon Types,7.80512266,8.02972296,7.63040906,8.20790936,8.64098626,7.92999826,8.24783686,7.69956046,8.38578396,9.42267016,4,85.4960994
Indonesia & Asia,6.05,86,Wet Process,"Typica Types, Modern Hybrids",8.30175428,8.30175428,8.30175428,8.30175428,8.30175428,8.30175428,8.30175428,8.28421148,8.30175428,8.30175428,3,85.4667402
South America,5.5,85.8,Dry Process,Modern Hybrids,8.0016014,8.1141865,7.6101215,8.2928698,9.0360625,7.9047229,8.1550562,7.9019687,8.5979206,8.1854899,4,85.456427
South America,5.4,85.8,Pulp Natural,"Bourbon Types, Typica Types",8.19876599,8.29770489,7.61355039,8.29627439,8.71282699,8.00501559,8.08094619,7.99291249,8.60131379,8.00068929,4,85.4215701
Indonesia & Asia,5.9,85.8,Wet Hulled,"Typica Types, Modern Hybrids",7.80199825,8.12204275,7.53073225,7.99451545,9.30084615,7.62215855,8.21268855,7.00869995,9.49362955,8.21268855,4.5,85.3689385
South America,5.9,85.7,Dry Process,Bourbon Types,7.80573259,8.20630249,7.21890049,8.27407629,8.80969029,8.02716909,8.17783909,8.00122529,8.00122529,8.17783909,5,85.2391481
South America,5.45,85.5,Pulp Natural,Bourbon Types,8.00600781,8.29869711,7.61454261,8.29726661,8.81353921,7.90913311,8.15113511,7.70072951,8.70726741,8.00168151,4,85.1116479
South America,5.4,85.5,Pulp Natural,Bourbon Types,7.89829784,8.12165504,7.21442274,8.26985224,8.30181274,7.55221994,8.14314604,7.29654074,8.69733764,8.00471504,6,85.0867486
South America,5.3,85.5,Dry Process,Bourbon Types,7.80984379,8.21066639,7.22264169,8.27848409,8.72585559,7.80984379,7.94399999,7.01570439,8.46971779,8.01324249,6,85.0091271
South America,5.3,85.4,Dry Process,Modern Hybrids,8.0148532,8.4042365,7.7373392,8.3061425,8.8224704,8.1117379,8.2679583,7.9020569,7.5956823,8.2375228,4,84.925302
Central America,6.6,86.3,Wet Process,Typica Types,8.29349009,8.29349009,8.29349009,8.56363169,8.56363169,8.56363169,8.56363169,8.57356429,8.29794859,8.29349009,2,84.8058241
South America,6.75,85.2,Pulp Natural,Bourbon Types,7.70471927,8.01392617,7.02652427,8.05118817,8.72517937,8.00919497,7.99383037,7.99709097,7.70390527,7.97444117,6,84.7804913
Central America,5.35,85.2,Wet Process,Caturra Types,8.20562201,8.30456381,8.02738551,8.31636461,8.81942491,8.02570471,8.26495201,8.20114361,7.59272371,8.44211511,3,84.7537919
South America,5.35,85.1,Dry Process,Bourbon Types,7.70098474,7.89928414,8.29672694,8.02097964,8.71329384,7.53490804,8.05094884,7.29313164,8.58860944,8.00113274,5,84.7177696
South America,5.75,85.1,Dry Process,Bourbon Types,7.80583738,7.90725538,6.75505278,7.86718438,8.79042688,7.05851718,7.93990398,7.01222678,7.51993388,8.44366138,8,84.6374612
Central America,5.75,85,Wet Process,Bourbon Types,8.00722263,8.29994243,7.72970863,8.29851193,9.04175703,8.21483463,8.26032773,8.19651453,7.51367713,8.43750333,3,84.6016077
Indonesia & Asia,6.2,86,Wet Process,Hybrids,8.2991291,8.2991291,8.2991291,8.2991291,8.2991291,8.2991291,8.2991291,8.3078381,8.2991291,8.2991291,3,84.486847
Central America,5.85,86,Wet Process,"Caturra Types, Bourbon Types, Typica Types, Modern Hybrids",8.2,8.5,8.1,8.5,9.4,8.3,8.4,8.4,7.7,8.5,2,86
